{"x": [46.40173400173329, 67.71615624546557, 86.05534274438475, 103.9815533536913, 123.50514507142412, 149.58874372844187], "y": [100.0, 14.722668856496357, 29.32600276805351, 10.709498646542478, 22.003773501042673, 12.145586665137856]}